{
  "project_info": {
    "project_number": "55341097032",
    "project_id": "quizappl-8a356",
    "storage_bucket": "quizappl-8a356.firebasestorage.app"
  },
  "client": [
    {
      "client_info": {
        "mobilesdk_app_id": "1:55341097032:android:67a4373c253e98fde7b87d",
        "android_client_info": {
          "package_name": "com.example.p1"
        }
      },
      "oauth_client": [],
      "api_key": [
        {
          "current_key": "AIzaSyC6zxT3AufQtmIMdVkLhlQxgs7kuRbKlxk"
        }
      ],
      "services": {
        "appinvite_service": {
          "other_platform_oauth_client": []
        }
      }
    }
  ],
  "configuration_version": "1"
}