{"flutter":{"platforms":{"android":{"default":{"projectId":"quizappl-8a356","appId":"1:55341097032:android:67a4373c253e98fde7b87d","fileOutput":"android/app/google-services.json"}},"dart":{"lib/firebase_options.dart":{"projectId":"quizappl-8a356","configurations":{"android":"1:55341097032:android:67a4373c253e98fde7b87d","ios":"1:55341097032:ios:60d3d388aba6d68ce7b87d","macos":"1:55341097032:ios:60d3d388aba6d68ce7b87d","web":"1:55341097032:web:f84d279483374f71e7b87d","windows":"1:55341097032:web:a8337c0115f0f53ce7b87d"}}}}}}